9659,1,-46,493,412,-1013,628,-658
9680,1,-366,549,460,-989,822,-573
9703,1,6,521,548,-1042,804,-470
9724,1,14,313,304,-990,676,-415
9747,1,-182,-31,268,-1095,833,-602
9768,1,82,257,372,-1364,838,-700
9791,1,26,453,388,-1416,841,-659
9812,1,-62,565,404,-1292,821,-643
9835,1,-90,521,612,-1175,784,-547
9857,1,-66,425,532,-1101,714,-558
9879,1,6,377,520,-1097,761,-536
9901,1,-110,473,576,-966,689,-578
9923,1,14,293,364,-888,680,-555
9945,1,-18,341,432,-926,691,-565
9967,1,-10,257,392,-964,644,-585
9989,1,-138,305,348,-872,625,-600
10011,1,-86,333,360,-959,731,-617
10033,1,-130,385,536,-1025,731,-638
10055,1,10,477,404,-1018,705,-649
10077,1,-86,513,604,-958,715,-619
10098,1,-82,345,420,-1057,743,-575
10121,1,-54,377,460,-1046,694,-567
10142,1,-94,369,472,-949,739,-579
10165,1,-150,293,480,-972,696,-581
10186,1,-74,193,400,-1072,714,-617
10209,1,-194,449,476,-1001,711,-677
10230,1,-10,425,572,-944,819,-644
10253,1,98,413,424,-973,608,-631
10274,1,-290,485,396,-846,669,-587
10297,1,-38,477,480,-827,773,-484
10318,1,-66,337,344,-861,661,-462
10341,1,-226,17,284,-887,775,-508
10362,1,-50,-67,160,-1142,877,-669
10385,1,-138,405,304,-1248,838,-718
10406,1,38,481,388,-1186,817,-645
10429,1,-178,429,468,-1126,799,-585
10450,1,-42,345,496,-1113,779,-573
10473,1,-158,349,412,-1174,798,-556
10494,1,38,357,436,-1097,719,-536
10517,1,-166,269,304,-1048,736,-497
10539,1,-114,233,416,-1112,837,-503
10561,1,-18,249,380,-1102,826,-524
10583,1,-86,317,392,-1050,773,-598
10605,1,-126,401,456,-999,774,-491
10627,1,-94,697,396,-611,513,-283
10649,1,-94,781,392,-493,483,-291
10671,1,-222,429,304,-758,737,-366
10693,1,-318,409,240,-1028,1031,-448
10715,1,-90,361,340,-1000,957,-445
10737,1,-66,401,328,-927,854,-472
10759,1,-42,501,324,-889,786,-373
10781,1,-22,409,500,-778,565,-189
10803,1,-190,273,140,-687,486,-176
10825,1,-282,221,216,-780,656,-332
10847,1,-362,365,76,-1095,780,-428
10869,1,-150,481,308,-1240,985,-430
10891,1,146,289,328,-1261,569,-409
10913,1,-294,565,224,-1249,357,-288
10935,1,-942,269,-372,-1267,538,-475
10957,1,-1178,-59,-808,-1035,1467,-949
10979,1,-526,-843,-648,-1419,1544,-1233
11001,1,-594,-1795,-844,-2363,803,-1966
11023,1,-558,-1443,-1340,-3325,478,-2734
11045,1,-590,85,-2020,-3289,537,-2995
11067,1,-726,1581,-1436,-2497,670,-2609
11089,1,-678,1737,-1308,-1611,1452,-2033
11111,1,-10,937,-1152,-1123,2228,-1492
11133,1,290,101,4,-990,1750,-1449
11155,1,-974,-1595,-688,-736,2124,-2050
11177,1,-2454,-5435,-1808,-1577,2531,-4221
11199,1,-5694,-9743,-2180,-2754,1897,-8294
11222,1,-9298,-13983,-5180,-3040,2329,-14441
11243,1,-12166,-14759,-9428,-2349,3116,-22627
11266,1,-16150,-14499,-12396,456,4632,-28369
11287,1,-16642,-17403,-16868,310,8475,32245
11309,1,-16642,-18735,-15408,-2891,12916,32245
11331,1,-16642,-19079,-11908,-3611,14610,32245
11353,1,-16642,-20207,-8040,-1678,14113,32245
11375,1,-16642,-24951,-5720,-1423,13066,32245
11397,1,-16642,-27779,-3520,-8855,16723,32245
11419,1,-16642,-23743,3432,-17541,20522,32245
11441,1,-16642,-24811,4352,-25570,21615,32245
11463,1,-16642,-24519,3844,31092,27111,32245
11485,1,-15114,-21895,6936,24548,-31692,32245
11507,1,-14582,-16747,8696,24548,-31692,32245
11529,1,-12770,-13287,11144,24548,-31692,32245
11551,1,-10554,-5923,12748,27830,-31692,32245
11573,1,-7598,-5379,12928,-31519,-31692,32245
11594,1,-7130,-5415,13424,-30977,-31692,32245
11617,1,-5398,137,14776,-28656,-31692,32245
11638,1,-3510,4449,14580,-24254,-31692,32245
11661,1,-2690,4405,12792,-20877,-31692,32245
11682,1,-2766,7101,11628,-18005,-31692,32245
11705,1,-1218,10417,13100,-17405,-31692,32245
11726,1,1290,15841,17772,-16673,-31692,-32587
11749,1,3538,18769,19764,-13096,-31692,-29581
11770,1,1258,21341,18392,-11170,-31692,-26152
11793,1,550,24169,19776,-11686,-31692,-20808
11814,1,190,27169,23548,-9506,-31692,-14569
11837,1,-246,28129,26636,-3975,-31692,-8076
11858,1,3366,27413,31612,-779,32606,438
11881,1,3638,24569,31876,-3455,24376,5809
11902,1,3978,26285,29596,-8321,18143,9786
11925,1,3886,28041,28652,-9662,14294,17105
11947,1,1218,29761,30716,-9453,11875,24639
11969,1,26,32428,-32165,-10872,6657,30793
11991,1,1106,32428,-32165,-13644,-7539,32244
12013,1,-2478,30709,-32165,-19659,-25299,32244
12035,1,-5602,26301,-32165,-22863,-31691,32244
12056,1,-11434,16213,-32165,-16328,-31691,32244
12079,1,-16642,249,30212,-13194,-31691,32244
12100,1,-16642,-3515,20360,31099,-31691,32244
12123,1,-16642,2201,6768,24548,-31691,32244
12144,1,-16642,-3107,-32164,24548,-31691,32244
12167,1,-16642,-20955,-32164,24548,-21988,32244
12188,1,3238,12021,-32164,25300,-31692,12357
12211,1,23670,5617,7896,24547,-31692,-600
12232,1,29750,11237,8532,24547,23171,-25811
12255,1,30826,-14307,1184,24547,1046,-25115
12276,1,19322,-11527,-4884,24547,-20809,-9794
12299,1,12362,-6007,-9132,8582,-23804,-6685
12320,1,12566,1337,-4648,-4018,-21203,-14372
12343,1,11798,4505,-4116,-7726,-16348,-13618
12364,1,14218,4261,-3300,-8339,-13222,-6269
12387,1,16130,2465,-3376,-9791,-15010,-1797
12408,1,15826,4093,-3680,-9212,-16100,-258
12431,1,18514,6013,-4372,-4380,-15507,1631
12452,1,23122,7481,-3764,3804,-17016,5985
12474,1,21634,8177,-5636,11857,-19885,12507
12496,1,17730,6749,-8776,17684,-21598,21552
12518,1,15742,3657,-7528,24547,-22256,30096
12540,1,10998,-1579,-5092,24547,-20254,32244
12562,1,5690,-6931,-3312,24547,-17993,32244
12584,1,-1726,-21527,-7072,24547,-14389,32244
12606,1,-9282,-27247,-9820,24547,-5766,32244
12628,1,-5802,-27471,-6696,7376,4424,32244
12650,1,-902,-19731,-1336,3552,2765,32244
12673,1,-6254,-21563,-2512,8606,-3070,32244
12694,1,-6070,-23663,-3828,8504,-7917,32244
12717,1,-6714,-23567,-6380,7643,-12306,32244
12738,1,-11030,-21323,-8812,9535,-13019,31322
12761,1,-11298,-17635,-8360,13852,-9885,28551
12782,1,-11102,-16135,-6532,18625,-6817,27602
12805,1,-10926,-16591,-5212,20464,-4848,26642
12826,1,-9722,-16775,-3904,19174,-3363,25263
12849,1,-7666,-16059,-2416,18241,-2326,22527
12870,1,-6106,-15391,-872,17780,-1052,19160
12893,1,-3638,-15103,300,16437,-1091,15747
12914,1,-2126,-14459,228,13384,-2946,12241
12937,1,-1942,-12911,-256,9796,-4427,8990
12958,1,-1626,-11039,-676,6684,-4477,6361
12981,1,-1314,-8579,-1068,4744,-3170,4371
13002,1,-730,-7155,-528,4072,-1598,2630
13024,1,-622,-6383,-168,3820,-257,1583
13046,1,-438,-6211,356,3369,747,840
13068,1,-438,-5843,1084,2365,1170,-38
13090,1,-722,-5711,1396,949,1299,-1013
13112,1,-666,-5251,1336,-915,1158,-2227
13134,1,-474,-3891,1448,-2308,947,-2859
13156,1,-338,-2903,1416,-3110,765,-3034
13178,1,-106,-2283,1104,-3487,548,-2776
13200,1,138,-1663,924,-3176,266,-2677
13222,1,78,-1471,1060,-2278,505,-2777
13244,1,166,-1347,1060,-1569,541,-3062
13266,1,194,-1395,1036,-1618,311,-2704
13288,1,246,-1431,1104,-2333,204,-2376
13310,1,-42,-1507,996,-3325,240,-2198
13332,1,86,-1175,1184,-4051,52,-2129
13355,1,222,-659,1192,-4091,11,-1871
13376,1,326,-799,1036,-3937,-115,-1339
13399,1,138,-923,652,-3701,-384,-965
13420,1,-150,-635,588,-3004,-103,-630
13443,1,278,-1007,884,-2021,105,-225
13464,1,358,-1603,876,-1542,-312,206
13487,1,58,-2475,516,-1870,-410,550
13508,1,-106,-2551,440,-2467,-112,466
13531,1,-150,-2683,288,-2768,283,291
13552,1,-218,-2731,428,-2817,444,-32
13575,1,-370,-2507,584,-2663,449,-338
13596,1,-510,-2199,472,-2278,428,-463
13619,1,-310,-2203,352,-1981,396,-370
13640,1,-258,-2343,364,-1949,481,-277
13663,1,-26,-2447,352,-1927,702,-348
13684,1,-2,-2475,612,-1832,855,-477
13707,1,74,-2487,536,-1793,861,-519
13728,1,38,-2183,700,-1770,960,-612
13751,1,-194,-2123,788,-1600,1206,-529
13772,1,-38,-2371,1052,-1501,1240,-622
13795,1,-146,-2303,1396,-1617,1096,-804
13816,1,-26,-2071,1268,-1561,1019,-946
13839,1,126,-1943,1212,-1539,923,-943
13860,1,26,-1979,1168,-1660,701,-744
13883,1,82,-2095,1068,-1856,550,-591
13904,1,62,-2047,904,-1805,586,-629
13926,1,46,-2139,1052,-1694,708,-521
13948,1,-34,-2287,984,-1703,599,-638
13970,1,-106,-2103,996,-1670,518,-662
13992,1,-14,-2263,824,-1612,638,-642
14014,1,262,-2191,928,-1534,559,-821
14036,1,-38,-1939,800,-1428,556,-908
14058,1,-66,-1971,636,-1306,699,-806
14081,1,38,-1835,892,-1130,660,-716
14102,1,86,-1899,808,-1084,644,-665
14125,1,250,-1839,784,-937,572,-710
14146,1,50,-2067,692,-885,596,-592
14169,1,42,-2055,644,-992,709,-571
14190,1,-142,-1859,740,-939,850,-570
14213,1,110,-1927,1064,-832,721,-527
14234,1,-58,-2047,836,-780,470,-518
14257,1,-66,-2071,668,-742,574,-480
14278,1,-38,-2055,556,-826,782,-385
14301,1,98,-2327,796,-944,726,-386
14322,1,-14,-2247,912,-942,660,-478
14345,1,10,-2031,832,-705,762,-501
14366,1,-118,-2375,736,-663,837,-403
14389,1,-94,-2383,856,-920,909,-409
14410,1,38,-2227,880,-1086,791,-529
14433,1,-82,-2183,1040,-984,630,-478
14454,1,-194,-2259,892,-961,755,-456
14477,1,102,-2375,904,-1017,816,-579
14498,1,54,-2331,1024,-1019,740,-494
14521,1,86,-2351,900,-1018,635,-605
14542,1,-94,-2363,840,-942,673,-592
14564,1,-42,-2479,804,-1010,834,-601
14586,1,46,-2267,1080,-1219,771,-695
14608,1,34,-2267,872,-1211,654,-667
14630,1,-38,-2103,724,-1228,700,-683
14652,1,-250,-2207,680,-1224,761,-618
14674,1,-130,-2247,812,-1350,879,-545
14696,1,154,-2167,676,-1556,702,-650
14718,1,-454,-1771,560,-1351,481,-659
14740,1,-1098,-1703,480,-953,812,-561
14763,1,-1162,-2151,532,-736,528,-597
14784,1,-926,-2099,812,-360,-201,-696
14807,1,-374,-1611,1552,564,-1730,48
14828,1,-6,-2627,1984,1409,-4554,1265
14851,1,-1546,-7031,-584,-117,-7302,35
14872,1,-4866,-10771,-3544,-3164,-6802,-3477
14895,1,-7850,-14691,-5496,-6286,-3094,-8872
14916,1,-9902,-14943,-4516,-8711,947,-15278
14939,1,-11902,-14687,-4468,-7445,2991,-21331
14960,1,-14186,-16607,-5212,-5129,2253,-26431
14983,1,-16594,-19191,-6084,-5665,3674,-30194
15004,1,-16642,-21543,-6216,-9541,7425,32740
15027,1,-16642,-23387,-5292,-13313,9179,32245
15048,1,-16642,-23659,-5276,-15833,12118,32245
15071,1,-16642,-24003,-3736,-15192,16783,32245
15092,1,-16642,-26051,-1428,-14783,19503,32245
15115,1,-16642,-25527,-276,-16043,22341,32245
15136,1,-16430,-24639,1576,-18635,26653,32245
15159,1,-15206,-22131,4440,-21083,30937,32245
15180,1,-14942,-20575,5948,-25019,-31692,32245
15203,1,-16574,-18843,7444,-30192,-31692,32245
15224,1,-16642,-11227,10460,-32051,-31692,32245
15247,1,-12138,-2939,15048,-26455,-31692,32245
15268,1,-3514,-879,17444,-19813,-31692,32245
15291,1,-4026,-2899,12252,-17764,-31692,32245
15312,1,-4062,-511,10300,-19337,-31692,32245
15334,1,-2314,5013,9728,-18624,-31692,32245
15356,1,1398,9093,10240,-16295,-31692,32245
15378,1,2322,8473,10072,-14934,-31840,32245
15400,1,2802,11289,11984,-15168,-32185,32245
15422,1,3914,16249,12988,-13483,-32063,32245
15444,1,6458,22221,13176,-10115,-31692,-27922
15466,1,5798,25261,14784,-5903,-31692,-19883
15489,1,4450,25385,17460,1582,-31692,-12712
15510,1,6566,25141,23296,5912,-31692,-8340
15533,1,8650,24725,25760,3781,-31692,-6536
15554,1,9250,28953,27788,-1077,28011,-5004
15577,1,7634,32428,24840,-4450,23193,-1254
15598,1,6374,32428,25468,-6576,22195,9833
15621,1,4962,32428,29848,-4404,21848,22178
15642,1,3210,32428,-32165,-5313,15306,32029
15665,1,4002,32428,-32165,-14357,-812,32244
15686,1,38,32428,-32165,-22700,-25836,32244
15709,1,-8770,32428,-32165,-24277,-31691,32244
15730,1,-16642,17989,26576,-15620,-31691,32244
15752,1,-16642,2881,17544,-21125,-31691,32244
15774,1,-16642,-4247,1052,24548,-31691,32244
15796,1,-16642,397,-23700,24548,-31691,32244
15818,1,-16642,-7395,-32164,24548,-31691,32244
15840,1,-16438,-9483,-32164,24548,-26159,32244
15862,1,18178,1357,-17496,-3304,7042,19649
15884,1,26106,-6663,2852,24547,12658,-11045
15906,1,17858,-9583,-7536,24547,-1080,-25871
15928,1,12674,-11039,-11400,24547,-7291,-23830
15950,1,9102,-7799,-9756,13721,-12143,-14799
15972,1,11114,-931,-5192,5077,-11416,-12548
15994,1,11810,2889,-1452,5771,-9825,-11964
16016,1,12946,2225,-2556,5639,-12080,-6085
16038,1,14246,-19,-5156,3847,-16187,4827
16060,1,15802,-1259,-2112,5646,-15300,11443
16082,1,14278,-1127,-388,9157,-15902,13049
16104,1,15150,-2571,-4616,8193,-22665,17525
16126,1,15678,-1363,-4160,10410,-28933,26270
16148,1,8838,-1543,-3896,22472,-27190,32244
16171,1,2006,-10255,-5480,24547,-20214,32244
16192,1,-1594,-20203,-8392,24547,-17198,32244
16215,1,-3442,-26391,-5568,24547,-10939,32244
16236,1,-6114,-28415,-2200,16621,-950,32244
16259,1,-4370,-26971,328,8532,1759,32244
16280,1,-2926,-23451,-364,6191,-7152,32244
16303,1,-6802,-21991,-2848,7511,-13938,32244
16324,1,-8802,-23199,-5408,7476,-11333,32244
16347,1,-8794,-22003,-3528,6768,-6727,31019
16368,1,-8718,-19931,-1232,7446,-6794,27810
16391,1,-8914,-17611,-708,6122,-8900,27209
16412,1,-8894,-14623,-1116,4061,-10891,26288
16435,1,-9290,-12775,-3276,2263,-11502,25098
16456,1,-9162,-11723,-5208,1529,-8778,22678
16479,1,-8474,-10523,-4380,3013,-3135,18373
16500,1,-6858,-9299,-1572,5947,1563,13498
16522,1,-5126,-8851,668,8945,3481,9304
16544,1,-3670,-8339,2096,10305,2580,6467
16566,1,-2710,-7875,2452,9757,616,4167
16588,1,-2082,-6951,1876,7889,-1611,2767
16610,1,-2066,-5539,1040,5780,-2909,1993
16632,1,-2126,-4939,456,4176,-2224,1419
16654,1,-1602,-5015,260,1918,-606,786
16676,1,-1058,-4279,344,-929,599,526
16698,1,-1106,-3947,756,-3534,1384,617
16720,1,-526,-3499,1012,-5280,1423,68
16742,1,-350,-2271,1216,-5028,943,-755
16764,1,-538,-1387,1572,-2963,937,-1492
16786,1,-526,-879,1372,-762,1252,-2188
16808,1,-286,-419,1732,235,1241,-2563
16830,1,-314,-315,1880,122,1097,-2639
16852,1,-238,45,1936,-649,984,-2295
16874,1,-238,453,1864,-1226,1103,-1821
16897,1,-254,233,1840,-1807,1408,-1184
16918,1,154,221,2320,-2333,1446,-851
16941,1,34,117,2284,-2501,1206,-989
16962,1,42,201,2220,-2497,959,-1009
16985,1,-110,309,2204,-2480,999,-711
17006,1,-78,277,1976,-2503,1098,-352
17029,1,50,-11,1988,-2558,1075,-128
17050,1,-2,-23,2220,-2492,976,-306
17073,1,90,265,1788,-2102,872,-317
17094,1,-210,481,1712,-1730,866,21
17117,1,-202,129,1660,-1797,1066,555
17138,1,-262,-315,1828,-2255,1166,779
17161,1,-122,-967,1840,-2765,1148,571
17182,1,-278,-807,1972,-3162,785,28
17205,1,-450,-195,1632,-2958,667,-125
17226,1,-226,-263,1420,-2421,688,-113
17248,1,-170,-407,1296,-1883,871,-174
17270,1,-126,-523,1412,-1493,854,-236
17292,1,14,-539,1420,-1576,600,-471
17314,1,-198,-343,1460,-1731,641,-539
17336,1,-294,-275,1428,-1982,905,-477
17358,1,-350,-375,1588,-2387,977,-475
17380,1,-126,-295,1860,-2724,863,-688
17402,1,-198,-107,1884,-2769,581,-861
17424,1,-362,-107,1524,-2976,324,-830
17446,1,-458,5,932,-2862,284,-621
17468,1,-502,-59,1008,-2420,747,-772
17490,1,-114,81,1268,-1810,724,-1018
17512,1,-142,81,1200,-1562,472,-799
17534,1,-82,57,1072,-2119,378,-354
17556,1,-58,101,1208,-3044,546,155
17579,1,78,-147,1768,-4102,783,762
17600,1,86,-519,2344,-5493,688,1333
17623,1,-362,-671,2560,-7246,443,2006
17644,1,-242,-1191,2668,-9486,219,2690
17667,1,-34,-1343,2388,-11654,57,2866
17688,1,110,-899,2356,-12884,400,2917
17711,1,-2,-1035,2252,-13543,885,3062
17732,1,-546,-1027,1816,-14103,1505,2984
17755,1,-778,-1067,2020,-13759,2498,2672
17776,1,-1518,-811,3012,-12237,3515,1866
17799,1,-1386,-883,4200,-10026,3885,857
17820,1,-990,-1211,4544,-7885,3504,-206
17843,1,-750,-1567,4660,-6655,2769,-1153
17864,1,-458,-1359,4276,-6293,2152,-2296
17887,1,-94,-771,3900,-5821,1976,-2962
17908,1,490,-523,3680,-5555,2153,-3241
17931,1,598,-55,3440,-5783,2359,-3361
17952,1,266,413,3344,-6148,2714,-2988
17975,1,266,613,3652,-6468,2965,-2244
17996,1,-138,249,3756,-6658,2942,-1531
18019,1,-518,-291,3844,-7031,3120,-1164
18040,1,-646,-767,3968,-7558,3138,-1285
18063,1,-662,-491,3688,-7738,3033,-1563
18084,1,-598,-395,3432,-7391,3086,-1919
18107,1,-834,-291,3212,-6792,3036,-2318
18128,1,-1318,-95,3020,-6285,3373,-2551
18151,1,-826,-319,2904,-5928,3464,-2687
18172,1,-478,-59,2892,-5675,3155,-2799
18195,1,-86,-83,3092,-5474,2942,-2847
18216,1,-106,-27,3132,-6028,2268,-2758
18238,1,-770,-631,2740,-7456,1300,-2331
18260,1,-914,-1259,1800,-9309,257,-2333
18282,1,-778,-1227,1092,-10353,-70,-2765
18305,1,-478,-1131,692,-10389,-97,-3739
18327,1,-950,-547,272,-9815,46,-4924
18349,1,-866,385,208,-8857,154,-5778
18370,1,-938,1589,336,-7583,33,-6137
18393,1,-490,1741,364,-6650,15,-5759
18414,1,250,1173,552,-7054,-235,-4966
18437,1,894,441,432,-8624,-522,-4308
18458,1,1070,465,52,-10207,-775,-4044
18481,1,766,885,-240,-10851,-595,-3847
18502,1,686,1173,-168,-10875,-294,-3558
18525,1,606,1321,-84,-10823,-9,-3015
18546,1,762,1533,-32,-10718,38,-2149
18569,1,766,1161,208,-10711,-188,-1269
18590,1,738,409,28,-11151,-567,-511
18613,1,802,-223,-76,-11687,-518,-245
18634,1,658,-439,-4,-11927,-175,-176
18657,1,782,-363,128,-11647,286,-222
18678,1,1038,-143,340,-10711,566,-241
18701,1,1478,-147,484,-9509,486,-321
18722,1,1266,1,604,-7896,295,-330
18745,1,1310,-455,908,-6723,401,-361
18766,1,1042,-735,1280,-6659,102,-303
18789,1,694,-659,1372,-7144,-181,107
18810,1,650,-1047,1220,-7543,-299,430
18833,1,362,-1115,1004,-7215,-420,187
18854,1,-38,-895,1148,-6330,-452,-115
18877,1,-58,-1115,1408,-5471,-823,-291
18898,1,-126,-983,1212,-4843,-1195,-471
18921,1,-254,-1099,1140,-4425,-1679,-609
18942,1,-1354,-823,468,-4293,-1835,-768
18965,1,-1286,-83,512,-3535,-1419,-742
18987,1,-1810,97,972,-2168,-1234,-666
19009,1,-3266,41,1616,-1280,-1254,-383
19031,1,-4178,-259,2144,-1274,-1336,-32
19053,1,-3294,-1059,2484,-1782,-1535,-132
19075,1,-1046,-1975,2388,-2464,-2427,-569
19097,1,458,-2387,1968,-3067,-2887,-1800
19119,1,1646,-2071,1380,-3676,-2539,-3245
19141,1,2174,-299,1192,-4052,-1809,-4222
19163,1,1242,1137,1376,-4219,-1027,-3957
19185,1,-1118,1269,1824,-5642,58,-2955
19207,1,-3570,1825,2416,-7786,1189,-1914
19229,1,-4178,1321,3352,-9672,2379,-578
19251,1,-3026,345,4292,-10797,2300,-453
19273,1,-1914,161,4048,-11246,1467,-838
19295,1,-462,193,3472,-10533,655,-1308
19317,1,374,593,2736,-8924,567,-1970
19339,1,902,977,2528,-6946,833,-2608
19361,1,1502,1453,2772,-5056,958,-2857
19383,1,1790,1457,2696,-3982,870,-2674
19405,1,1486,1213,2704,-3718,701,-2263
19427,1,1018,1337,2568,-3711,809,-1775
19448,1,578,1569,2500,-3143,1158,-1340
19471,1,482,1829,2676,-1672,1719,-1140
19492,1,762,1617,3036,-53,1882,-869
19515,1,294,1481,3048,1324,1683,-600
19536,1,-58,1277,2800,2277,1604,-112
19559,1,-426,581,2160,2435,1803,422
19580,1,-978,-115,2020,2206,2393,690
19603,1,-1382,-235,2212,2135,3183,815
19624,1,-1578,-367,2368,2472,3617,895
19647,1,-1362,-311,2724,3097,3512,882
19668,1,-802,-475,2752,3939,3056,957
19691,1,-922,-655,2468,4686,2534,963
19713,1,-1070,-547,1864,5481,2633,953
19735,1,-1338,-903,1856,6144,3052,823
19757,1,-1430,-919,2128,6235,3134,661
19779,1,-2538,-539,2268,6425,3077,498
19801,1,-2230,-363,2576,6745,2957,435
19823,1,-1070,-279,2860,7295,2327,440
19845,1,386,-839,2168,7299,1221,479
19867,1,1802,-1579,856,6586,314,294
19889,1,2554,-1611,40,6016,210,-207
19911,1,2594,-1427,-232,5308,459,-1032
19933,1,1126,-515,-400,4284,963,-1401
19955,1,-618,309,-440,3375,1280,-1262
19977,1,-2246,1137,-536,2973,1486,-731
19999,1,-2390,733,-16,3193,1943,217
20021,1,-338,-571,356,3286,1163,658
20043,1,1158,-1395,-104,3170,115,470
20065,1,1982,-1655,-780,2589,-342,230
20087,1,1810,-1743,-1548,1124,-242,264
20109,1,1370,-1663,-1724,-513,483,471
20131,1,814,-1395,-1248,-1178,1178,458
20153,1,62,-1231,-568,-945,1614,199
20175,1,-190,-1491,72,-620,1487,-43
20197,1,-182,-1507,432,-518,791,-440
20219,1,-158,-1671,488,-942,105,-679
20241,1,366,-1751,-256,-2152,-323,-898
20262,1,66,-1131,-820,-3075,-30,-1130
20285,1,118,-499,-392,-3142,518,-865
20306,1,-286,-611,8,-2984,670,-670
20329,1,-518,-843,220,-2873,707,-459
20350,1,-358,-1159,364,-2742,658,-621
20373,1,-98,-1195,476,-2507,530,-1125
20395,1,162,-1143,476,-2039,404,-1739
20417,1,158,-895,344,-1571,519,-2272
20439,1,422,-399,436,-1318,503,-2411
20461,1,166,5,444,-1157,463,-2191
20483,1,-298,65,568,-1054,493,-1795
20505,1,-414,-71,812,-1009,527,-1390
20527,1,-134,-195,804,-1006,426,-1024
20549,1,-86,-291,736,-1354,229,-674
20571,1,-222,-419,388,-1610,84,-362
20593,1,-154,-611,196,-1462,448,-180
20615,1,-238,-919,376,-1411,646,-212
20637,1,-162,-1143,452,-1300,640,-333
20659,1,-334,-1287,384,-1392,462,-379
20681,1,-610,-763,280,-1445,776,-310
20703,1,-110,-1127,412,-1876,868,-48
20725,1,-114,-1231,480,-2643,720,251
20747,1,-70,-1503,344,-3117,792,419
20769,1,-74,-1587,560,-3278,832,317
20791,1,-282,-1427,332,-3011,742,20
20813,1,-582,-1727,256,-2479,722,-261
20835,1,-1154,-2151,68,-1983,1304,-756
20857,1,-1634,-3059,-908,-714,2362,-1371
20879,1,-3182,-4999,-2508,193,5585,-3886
20901,1,-4270,-9507,-4536,1103,11444,-8951
20923,1,-5486,-11031,-4904,-1046,15416,-16709
20945,1,-7654,-12307,-3992,-3841,14113,-21639
20967,1,-8230,-13771,-7072,-5291,11459,-25837
20989,1,-10818,-14283,-11788,-2881,10542,-30540
21011,1,-12930,-15811,-14084,905,13629,32245
21033,1,-11622,-19435,-15904,3477,14330,32245
21055,1,-11154,-20507,-16224,4463,13490,32245
21078,1,-11574,-22943,-14604,6008,13947,32245
21099,1,-12958,-30079,-15868,3848,15980,32245
21121,1,-13874,-30811,-14648,-2415,18041,32245
21143,1,-14538,-26767,-11568,-4252,21308,32245
21165,1,-12170,-24451,-8100,-788,23010,32245
21187,1,-11970,-25203,-5160,-5727,24708,32245
21209,1,-11702,-24119,-1076,-18725,27137,32245
21231,1,-10902,-17675,2408,-28578,30500,32245
21253,1,-8406,-10479,4568,-29744,-31692,32245
21275,1,-4738,-6163,8016,-25495,-31692,32245
21297,1,-1366,-9603,9672,-26045,-31692,32245
21319,1,-1102,-8119,10008,-31839,-31692,32245
21341,1,82,-3455,9596,-31760,-31692,32245
21363,1,438,3253,8700,-25010,-31692,32245
21385,1,1530,4749,9080,-18444,-31692,32245
21407,1,3502,2233,10964,-17517,-31692,32245
21429,1,4558,4073,14924,-19593,-31692,32245
21451,1,4174,10901,16548,-17268,-31692,-32187
21473,1,4622,16933,17688,-10322,-31692,-27614
21495,1,5378,19033,19872,-3862,-31692,-22237
21517,1,5734,19793,22692,-668,-31692,-17197
21539,1,6002,21369,26132,804,-31692,-12724
21561,1,8014,22529,30580,3915,-31692,-7986
21582,1,8378,22697,31236,7305,29141,-3464
21605,1,8926,22261,30408,7309,24550,1212
21626,1,8682,23193,28656,4719,21806,4520
21649,1,9342,28781,30356,1105,19451,7626
21670,1,7750,32428,-32428,-1514,16771,17424
21693,1,1858,32428,-32165,267,13795,29953
21714,1,-1934,32428,-32165,320,5640,32244
21737,1,-2814,32428,-32165,-1696,-17774,32244
21758,1,-10194,31865,-32165,-12131,-31691,32244
21781,1,-16642,19985,-32165,-16987,-31691,32244
21803,1,-16642,5453,-32165,-17047,-31691,32244
21825,1,-16642,-1827,22764,28069,-31691,32244
21847,1,-16642,8897,10452,24548,-31691,32244
21869,1,-16642,3389,-32164,24548,-31691,32244
21891,1,-16642,-17563,-32164,24548,-26654,32244
21913,1,-770,-10487,-32164,-10045,31420,10285
21935,1,21626,9749,-5800,24547,-31692,-10956
21957,1,22862,-7039,-12220,24547,16922,-30856
21979,1,29626,-17647,-5860,24547,-9350,-32109
22001,1,5558,-10791,-15108,5644,-8725,-21292
22023,1,5086,-1339,-14676,-13060,-285,-14793
22044,1,14910,2529,-2280,-20501,3617,-17718
22067,1,17810,6037,1696,-16636,-712,-19641
22088,1,16450,6377,-1164,-14525,-7353,-15065
22111,1,17770,7813,-468,-11346,-12772,-8294
22132,1,18710,8265,-492,-4710,-17930,-2770
22155,1,18010,9333,-824,2626,-22230,1259
22176,1,17290,10413,-1772,11034,-23135,5705
22199,1,18446,10837,-1728,18823,-22873,12390
22220,1,18514,12089,-1172,24547,-25195,21314
22243,1,12034,10153,688,24547,-26705,32244
22264,1,5966,2549,1592,24547,-25865,32244
22287,1,-834,-6815,5872,24547,-29113,32244
22308,1,-14322,-18807,-36,24547,-31691,32244
22331,1,-16642,-27199,-6564,24547,-26362,32244
22352,1,-15914,-32179,-9340,14122,-16884,32244
22375,1,-16642,-26735,-6644,9410,-10539,32244
22396,1,-16642,-18435,-3036,19797,-8448,32244
22419,1,-16642,-17299,-336,24547,-10804,32244
22440,1,-16642,-23755,-1372,24547,-11030,32244
22463,1,-16642,-27415,-2964,19217,-8480,32244
22484,1,-15398,-22543,-1824,11073,-5985,31192
22507,1,-13554,-16271,268,13883,-5107,25666
22529,1,-11494,-14111,888,21056,-5590,23167
22551,1,-8586,-15123,672,24547,-7616,20206
22573,1,-7726,-15555,988,24547,-7346,15533
22595,1,-6034,-14783,1476,24547,-4384,9996
22617,1,-3870,-13219,2420,24547,-1543,5214
22639,1,-2202,-11799,2688,23416,-535,2023
22661,1,-1130,-10511,2452,17157,-404,272
22683,1,-898,-9475,2220,9315,-334,-868
22705,1,-738,-7963,2072,1176,-17,-1540
22727,1,-866,-6315,1984,-5553,193,-1998
22749,1,-934,-4351,1812,-9705,313,-2372
22771,1,-942,-2687,1684,-10959,429,-2839
22793,1,-810,-1563,1716,-9922,797,-3578
22815,1,-546,-359,1540,-7603,1126,-4213
22837,1,-522,281,1348,-4487,1324,-4497
22859,1,-382,541,1284,-2199,1162,-4275
22881,1,-222,741,1076,-899,866,-3758
22903,1,-386,273,1508,-701,901,-3337
22925,1,434,-663,1492,-1580,651,-3320
22947,1,-10,-483,1352,-2942,108,-3268
22969,1,-322,229,1064,-3871,239,-2800
22991,1,-238,629,868,-3952,725,-2294
23013,1,38,645,1156,-3550,1000,-1881
23035,1,62,65,1380,-3094,917,-1450
23057,1,62,-419,1480,-2829,768,-1102
23078,1,106,-739,1508,-2609,706,-934
23101,1,-218,-1299,1300,-2702,616,-970
23122,1,-246,-1051,1180,-3095,459,-1007
23145,1,-234,-939,1272,-3065,500,-928
23166,1,-218,-1271,1280,-2941,639,-685
23189,1,-162,-1451,1080,-2950,681,-453
23211,1,-42,-1015,1316,-2791,652,-421
23233,1,30,-1131,1080,-2411,584,-119
23255,1,-50,-1319,1196,-2126,618,37
23277,1,-194,-1507,1276,-2048,888,72
23300,1,-118,-1479,1324,-1912,934,-47
23321,1,-182,-1391,1396,-1621,910,-98
23343,1,-102,-1379,1576,-1202,882,-145
23365,1,-250,-1511,1596,-911,786,-186
23387,1,-82,-1751,1596,-886,618,-413
23409,1,-146,-1311,1384,-837,547,-563
23431,1,-314,-1335,1396,-778,654,-416
23453,1,-10,-1335,1172,-704,733,-422
23475,1,-250,-1135,1172,-425,734,-384
23497,1,-298,-1451,1464,-144,747,-522
23519,1,-546,-1547,1428,-60,684,-629
23541,1,-578,-1663,1224,-170,638,-865
23563,1,-570,-1339,888,-279,474,-1019
23585,1,-894,-939,596,158,206,-920
23607,1,-1222,-1007,152,1070,463,-1338
23629,1,-1934,-1915,-964,1457,1182,-2403
23651,1,-3366,-3879,-3376,1172,3570,-4098
23673,1,-4974,-5863,-6372,1220,8871,-8612
23695,1,-7446,-6327,-8736,3993,14167,-15464
23717,1,-10258,-5091,-8568,9274,18613,-20806
23739,1,-12650,-6719,-15920,16729,21249,-26464
23761,1,-15146,-7151,-21240,24103,25010,-30570
23783,1,-16642,-8015,-25300,24547,30615,32245
23805,1,-15734,-10523,-20280,24547,-31692,32245
23827,1,-13842,-14495,-23972,24547,-31692,32245
23849,1,-16642,-17987,-26468,24547,-31692,32245
23871,1,-16642,-17503,-22808,24547,-31692,32245
23894,1,-16642,-18739,-15720,24547,-31692,32245
23915,1,-16642,-20035,-8708,24547,-31692,32245
23938,1,-16642,-15555,-1020,24547,-31692,32245
23959,1,-15030,-14719,6040,15667,-31692,32245
23982,1,-13322,-9915,11252,1770,-31692,32245
24003,1,-10186,-1431,12904,-3887,-31692,32245
24026,1,-3738,3937,13768,336,-31692,32245
24047,1,-494,1565,13128,4215,-31692,32245
24070,1,2214,1049,15556,1983,-31692,32245
24091,1,5298,4521,18564,2620,-31692,32245
24114,1,7330,5853,20792,7143,-32622,-30287
24135,1,7858,7429,22492,11648,30513,-24535
24157,1,7706,5617,24960,12103,29395,-21471
24179,1,7150,9837,27300,11764,29060,-17103
24201,1,6898,13629,31152,16982,27286,-9708
24223,1,5742,12777,-32165,21978,25008,-2880
24245,1,3938,12073,-32165,22888,23981,2360
24267,1,4442,13793,-32165,22992,22951,7650
24289,1,5422,14313,-32165,24144,22502,15144
24311,1,4562,13941,-32165,24547,23704,22895
24333,1,1626,9841,-32165,20166,27366,27518
24355,1,-1118,12481,-32165,8993,29687,32244
24377,1,-6882,13981,-32165,-2390,27377,32244
24399,1,-8510,14537,-32165,-14650,9488,32244
24421,1,-12958,12717,-32165,-24356,-30805,32244
24443,1,-16642,6761,-32165,-25938,-31691,32244
24465,1,-16642,981,-32165,-15576,-31691,32244
24487,1,-16642,-8695,-32165,-13671,-31691,32244
24509,1,-16642,7945,12640,-29528,-31691,32244
24531,1,-16642,-17151,-32164,24548,-31691,32244
24553,1,-16642,32429,-32164,24548,11878,32244
24574,1,1074,-1523,-14280,24548,-31692,11009
24597,1,25038,4469,16936,24547,-31692,-9956
24619,1,19930,22921,2892,24547,9125,32245
24641,1,18610,-2451,-2320,24547,-13654,-28215
24663,1,10190,-6959,-7508,24547,-29941,-9946
24685,1,6358,-5639,-14468,10045,-30283,-10068
24707,1,6570,1977,-12804,2331,-17648,-16310
24729,1,10762,4081,-9428,204,-6004,-12653
24751,1,17014,3177,-7364,-2096,-5378,-4594
24773,1,18818,1953,-6092,-3817,-8938,2785
24795,1,19314,4109,-3724,-362,-7183,6751
24817,1,22570,5029,-768,7097,-9595,13179
24839,1,20734,3433,-4264,13793,-19023,24028
24861,1,15294,-1835,-7004,20146,-25087,32244
24883,1,8194,-4751,-4412,24547,-20461,32244
24905,1,3122,-12099,-3036,24547,-13041,32244
24927,1,-2322,-22235,-5300,24547,-8112,32244
24949,1,-8226,-25959,-5204,23122,-2613,32244
24971,1,-2278,-25179,-300,16748,3489,32244
24993,1,-4342,-24507,3744,21334,6630,32244
25015,1,-6402,-26499,4640,16587,9783,32244
25036,1,-3442,-28411,4112,3851,4254,32244
25059,1,-1146,-23487,2828,-4546,-9756,32244
25080,1,-6758,-18687,-328,-4317,-16933,32244
25103,1,-9918,-16727,-2588,202,-13600,32244
25124,1,-10262,-15703,-1932,6069,-9642,30265
25147,1,-10118,-14319,-1764,12277,-8337,25500
25168,1,-9682,-12379,12,17791,-6319,22428
25191,1,-10526,-13791,1376,19016,-2505,19270
25212,1,-9178,-14711,2492,14112,282,16366
25235,1,-5966,-14503,2960,7733,-1286,13460
25256,1,-4890,-12259,2448,4399,-2533,10272
25279,1,-3666,-10319,1740,4347,-1740,7320
25300,1,-1906,-7659,940,5695,-881,3993
25323,1,-1630,-5719,972,7347,-323,1428
25345,1,-1314,-4951,1276,8703,361,-628
25367,1,-894,-4463,1672,9350,521,-1646
25389,1,-990,-4391,1908,8581,714,-2112
25411,1,-1150,-4555,1680,6197,1056,-2869
25433,1,-754,-3979,2028,2632,1111,-3582
25455,1,-862,-2931,1812,-477,1227,-3576
25477,1,-506,-1815,1872,-2647,1803,-3239
25499,1,-438,-1339,2228,-3885,2176,-2831
25521,1,-26,-939,2568,-4264,1973,-2785
25543,1,102,-475,2856,-3573,1514,-2802
25565,1,-386,-271,2704,-2603,1416,-2749
25587,1,-198,113,2740,-1791,1625,-2568
25609,1,-94,-15,2784,-1484,1773,-2083
25631,1,94,-547,3100,-2025,1709,-1580
25653,1,154,-791,3228,-2682,1240,-1283
25675,1,70,-911,3104,-2894,759,-1334
25697,1,166,-815,3012,-2573,541,-1266
25719,1,78,-1135,2948,-2457,497,-1127
25741,1,22,-1139,2592,-2874,478,-1052
25763,1,10,-571,2412,-3015,342,-920
25785,1,78,-519,2356,-2659,360,-422
25807,1,-58,-1043,2104,-2560,495,17
25829,1,-126,-1835,2168,-3155,638,265
25851,1,-46,-1603,2220,-3933,745,74
25873,1,-114,-1475,2148,-4197,645,98
25895,1,-34,-1439,1840,-4279,408,68
25917,1,-314,-1419,1860,-3888,649,-4
25939,1,-50,-1407,1976,-3330,807,-381
25961,1,-286,-1395,1916,-2694,720,-402
25984,1,-158,-1391,2024,-2326,659,-538
26005,1,-350,-1419,1888,-2256,701,-549
26028,1,-230,-1175,1864,-2254,847,-474
26049,1,-154,-1319,1868,-2148,951,-426
26072,1,-134,-1431,1996,-2036,868,-550
26093,1,-390,-1095,1940,-1758,810,-776
26116,1,-230,-955,2076,-1148,905,-821
26137,1,310,-1279,2180,-945,676,-789
26160,1,-170,-1191,1932,-1242,568,-693
26181,1,-162,-1007,1984,-1435,969,-645
26204,1,6,-1051,2196,-1353,981,-567
26225,1,-74,-1015,2080,-1129,850,-430
26248,1,-238,-1235,2048,-899,830,-363
26269,1,-162,-1463,2200,-870,827,-462
26291,1,-58,-1435,2224,-950,780,-628
26313,1,-42,-1331,2216,-1030,652,-691
26335,1,-214,-1103,1956,-1108,648,-541
26357,1,-90,-1199,2044,-1111,794,-404
26379,1,-162,-1403,2140,-1224,882,-327
26401,1,18,-1351,2120,-1419,750,-462
26423,1,-198,-1215,2000,-1281,618,-503
26445,1,-202,-1163,1968,-924,752,-580
26467,1,-250,-1383,2116,-695,800,-469
26489,1,-102,-1407,2176,-920,662,-549
26511,1,-202,-1251,2004,-1078,615,-631
26533,1,-130,-1083,2168,-917,750,-583
26555,1,6,-1267,2004,-915,754,-463
26577,1,-130,-1375,1992,-1069,622,-372
26599,1,-326,-1455,1968,-1079,770,-447
26621,1,2,-1055,2204,-709,733,-635
26643,1,-94,-1107,2132,-320,615,-520
26665,1,-198,-1467,2108,-601,618,-475
26687,1,-282,-1403,1948,-1111,654,-585
26710,1,90,-1299,2156,-1165,742,-558
26731,1,94,-1187,2080,-1104,561,-614
26754,1,-514,-987,1956,-1095,705,-511
26775,1,-134,-1091,2140,-1213,852,-345
26798,1,-70,-1031,2068,-1211,668,-244
26819,1,-46,-1307,2064,-1161,715,-261
26842,1,-26,-1443,2124,-1157,679,-471
26863,1,-118,-1215,2020,-1032,645,-493
26886,1,-30,-1391,1904,-1018,717,-534
26907,1,-198,-1423,2088,-1305,723,-555
26930,1,-282,-1075,2068,-1325,745,-591
26951,1,-162,-1239,2228,-1022,817,-517
26974,1,-10,-1595,2104,-989,714,-536
26995,1,-194,-1307,2144,-1155,594,-564
27018,1,-234,-1239,1980,-1176,799,-497
27039,1,-86,-1335,2100,-1223,870,-621
27062,1,30,-1143,2312,-1070,728,-677
27083,1,-22,-1063,2256,-891,636,-693
27106,1,-54,-1259,2164,-908,613,-628
27127,1,-10,-1255,2164,-1188,668,-553
27150,1,-222,-1251,2184,-1361,698,-537
27171,1,-66,-1055,2200,-1269,639,-554
27194,1,-150,-1135,2268,-1097,534,-615
27215,1,-230,-1207,2192,-1152,460,-593
27238,1,-274,-1259,1980,-1296,623,-544
27259,1,-118,-1203,2136,-1611,703,-513
27282,1,-150,-1127,2188,-1915,587,-439
27303,1,-62,-1103,2080,-1973,587,-368
27326,1,-2,-1027,1908,-1919,550,-421
27347,1,-346,-923,2060,-1677,579,-371
27370,1,-318,-823,2108,-1280,677,-289
27392,1,-146,-1007,2188,-844,703,-326
27414,1,-34,-1287,2260,-693,573,-355
27436,1,-162,-1435,2148,-959,465,-519
27458,1,-222,-1187,2000,-1037,522,-551
27480,1,-118,-1271,1928,-947,697,-564
27502,1,-86,-1083,2144,-878,686,-667
27524,1,-138,-967,2216,-767,544,-626
27546,1,-282,-1127,2244,-716,550,-595
27568,1,-186,-1107,2052,-917,615,-555
27590,1,-146,-971,1956,-1038,703,-496
27612,1,-46,-1015,2344,-940,650,-491
27634,1,-106,-1011,2192,-809,565,-510
27656,1,-218,-1067,2140,-796,631,-548
27678,1,-134,-1055,2308,-819,660,-566
27700,1,-150,-963,2364,-799,654,-451
27721,1,-154,-1119,2312,-863,638,-455
27744,1,-230,-1091,2320,-889,567,-486
27765,1,-250,-1167,2156,-878,540,-479
27788,1,-186,-1155,2140,-897,538,-513
27809,1,-330,-1039,2208,-841,669,-466
27832,1,-42,-1191,2324,-738,658,-522
27853,1,-98,-1195,2368,-674,601,-547
27876,1,-190,-1295,2152,-817,585,-648
27897,1,-282,-1163,2196,-876,673,-667
27920,1,62,-1283,2132,-838,745,-828
27941,1,-298,-943,2144,-628,622,-845
27964,1,-422,-1007,2128,-510,840,-737
27985,1,-190,-1167,2408,-618,930,-612
28008,1,-198,-1431,2268,-946,711,-583
28029,1,-330,-1263,2200,-1032,735,-642
28052,1,-306,-1315,2112,-1001,878,-748
28073,1,-230,-1303,2188,-1085,862,-764
28096,1,-186,-1063,2104,-1107,910,-781
28118,1,-178,-983,2308,-978,879,-639
28140,1,-18,-1407,2304,-1055,790,-615
28162,1,-230,-1291,2276,-1105,779,-692
28184,1,-58,-1227,2180,-1065,884,-732
28206,1,-66,-1003,2196,-875,876,-711
28250,1,-134,-1507,1956,-1136,681,-917
28272,1,-378,-1351,1884,-1098,608,-1102
28294,1,-406,-1071,1776,-792,666,-1342
28316,1,-246,-1431,2032,-405,356,-1783
28338,1,-134,-1343,2176,155,-176,-2301
28360,1,-262,-1135,1756,701,-458,-2425
28382,1,-354,-1403,1524,911,-376,-2513
28404,1,-202,-1447,1276,828,-110,-2391
28426,1,-322,-1323,1180,606,339,-2150
28448,1,-210,-1331,1396,333,959,-1890
28470,1,-34,-1551,1560,-147,1464,-1473
28492,1,50,-1759,2044,-703,1494,-1485
28514,1,-238,-1679,2364,-973,1327,-1472
28536,1,-94,-1915,2416,-1132,1383,-1386
28558,1,98,-2363,2520,-1462,1139,-1422
28580,1,-126,-2211,2552,-1808,957,-1440
28602,1,226,-2119,2424,-1821,893,-1363
28624,1,578,-1939,2488,-1576,662,-1205
28646,1,550,-2071,2496,-1183,499,-926
28668,1,654,-2743,2672,-1351,234,-918
28690,1,614,-2907,2736,-1844,19,-1071
28712,1,670,-2807,2480,-2305,-43,-1230
28734,1,726,-2543,2688,-2528,22,-1450
28756,1,-6,-2351,2416,-2878,217,-1447
28778,1,-1326,-2011,2364,-3373,767,-1256
28801,1,-1790,-1623,2388,-3725,1577,-816
28822,1,-2022,-1591,2792,-3594,2247,-54
28845,1,-2018,-2155,3236,-3279,2752,316
28866,1,-1362,-2531,3804,-2717,2851,6
28889,1,-830,-2655,3876,-1545,2522,-760
28910,1,-34,-2495,3740,273,2229,-1607
28933,1,510,-1971,3508,2430,1981,-2523
28954,1,546,-1867,3208,4232,1776,-3189
28977,1,486,-1587,2752,5147,1851,-3476
28998,1,266,-935,2664,5715,2245,-3556
29021,1,-14,-463,2356,6582,2662,-3200
29042,1,-282,405,2172,8522,3019,-2480
29064,1,-926,493,2452,11438,4252,-1802
29086,1,-842,-507,3424,13551,5385,-1513
29108,1,-390,-1243,4388,14078,5436,-1007
29130,1,-598,-1611,4464,13447,5041,-562
29152,1,-1110,-2003,4608,12073,4967,-142
29174,1,-1226,-2347,4428,9953,5025,192
29196,1,-1390,-2083,4356,7525,4608,191
29218,1,-1634,-1179,4312,6712,4770,519
29240,1,-42,-771,4216,7431,4432,619
29262,1,1038,-1275,3600,8427,3343,885
29284,1,1538,-1539,2792,8875,2497,838
29306,1,826,-1155,2284,9301,2288,666
29328,1,150,-1151,2036,9024,2141,1109
29350,1,-754,-1687,1576,7304,1645,1777
29372,1,-918,-2451,1080,4668,1432,2488
29394,1,-430,-2919,748,2001,1159,2721
29416,1,-74,-2531,-96,126,681,2425
29438,1,-334,-1903,-476,-452,398,2332
29460,1,-222,-1607,-796,56,618,2225
29504,1,974,-971,-184,4422,-1075,-566
29527,1,238,273,-716,9148,-977,-765
29548,1,-330,313,-400,17619,1134,-97
29571,1,70,-2615,712,21343,3222,-1368
29592,1,894,-2895,1440,20287,3142,-1743
29615,1,346,-2235,1568,18932,3370,-1128
29636,1,294,-2539,1976,17750,4560,-98
29659,1,786,-3003,2388,15822,4982,383
29680,1,794,-3051,2780,13717,4630,771
29702,1,830,-3119,2756,11908,3969,1333
29724,1,626,-2679,2516,11379,3364,1596
29746,1,410,-2735,2440,11850,3340,1525
29768,1,458,-2887,2712,12297,3092,1322
29790,1,822,-3367,2536,12189,2526,1100
29812,1,714,-3567,2052,11539,2036,837
29834,1,538,-3331,2008,10664,2103,543
29856,1,590,-3063,2212,10053,1908,248
29878,1,294,-2763,2244,10024,1081,-241
29900,1,54,-2711,2060,10640,695,-157
29922,1,470,-3047,2060,11173,436,-450
29944,1,602,-2879,1860,11964,-19,-1079
29966,1,10,-2575,1812,12838,178,-1582
29988,1,-102,-2431,2148,13299,377,-1451
30010,1,-54,-2615,2796,13148,-38,-946
30032,1,110,-2571,2908,12860,-379,-517
30054,1,842,-2651,3216,12853,-456,64
30076,1,1354,-3115,3152,12475,-578,771
30098,1,1606,-3371,3132,13014,-1010,1263
30120,1,758,-3339,2772,13405,-1156,1357
30142,1,-1230,-3119,3448,13967,-502,737
30164,1,-3318,-2083,4332,14550,976,520
30186,1,-4502,-1435,5180,14557,2819,897
30209,1,-3938,-1855,6688,13900,4624,1864
30230,1,-1342,-2887,7588,12274,4330,2730
30252,1,266,-3835,7336,9428,2495,3065
30274,1,1766,-3983,6700,6457,570,1970
30296,1,2506,-2751,5324,4967,-848,567
30318,1,1886,-1347,4320,5330,-888,85
30340,1,1518,-1195,3600,6391,630,-227
30362,1,1102,-1231,4052,7082,2214,-808
30406,1,-130,-1599,5520,6956,3454,-1576
30428,1,-1086,-1703,5680,6368,4014,-2170
30450,1,-1118,-1591,5800,5981,4283,-2386
30472,1,-862,-1415,5808,6067,3455,-1964
30494,1,-954,-1647,5620,6386,2350,-1476
30516,1,-306,-1763,5240,6760,1512,-1168
30538,1,186,-1915,4604,7103,788,-1452
30560,1,10,-1955,3916,7403,659,-1504
30582,1,-126,-2071,3384,7099,1048,-1569
30604,1,-302,-2395,2992,6585,1567,-1610
30626,1,-506,-2231,2896,5857,1940,-1471
30648,1,-846,-2275,2664,5324,2251,-1236
30670,1,-1194,-2323,2792,5271,2857,-1125
30692,1,-1570,-2515,2996,5623,3551,-1041
30714,1,-1806,-2459,3564,6006,3839,-1013
30736,1,-1478,-2531,3968,6604,3401,-682
30758,1,-190,-2859,4128,7188,2484,-863
30780,1,358,-2783,3712,7586,1735,-1233
30802,1,802,-2651,3308,7819,1250,-958
30824,1,1086,-3163,2896,7017,874,-712
30846,1,1034,-3447,2264,5126,548,-346
30868,1,482,-3919,1272,2930,987,-242
30891,1,154,-4015,780,564,2300,-728
30912,1,-298,-3419,296,-822,3704,-999
30935,1,-254,-2695,868,-927,4641,-1012
30956,1,-106,-2047,1596,108,4610,-773
30979,1,426,-2027,2204,1654,3432,-594
31000,1,-162,-2471,1724,3249,1890,-593
31022,1,-870,-2907,1092,4218,1687,-935
31044,1,-642,-3307,628,3882,2005,-1137
31066,1,394,-3487,564,2462,2027,-944
31088,1,1418,-3683,496,763,1453,-825
31110,1,1526,-3155,152,-121,578,-873
31132,1,1506,-2803,-164,-161,317,-563
31176,1,214,-2811,4,91,1010,-940
31198,1,-150,-2719,476,230,1401,-1174
31220,1,-218,-3047,1060,180,1045,-1106
31242,1,-466,-3251,1124,-292,593,-944
31264,1,-234,-3351,1068,-1163,159,-865
31286,1,-106,-3211,1152,-1553,-294,-1080
31308,1,130,-2699,952,-1353,-660,-1423
31330,1,82,-2347,584,-882,-670,-1646
31352,1,250,-2115,580,-397,-201,-1702
31374,1,246,-1979,852,-20,265,-1435
31396,1,238,-2103,1300,-405,336,-1138
31418,1,-86,-2067,1420,-993,542,-806
31440,1,154,-2423,1792,-1759,711,-287
31462,1,186,-2427,1880,-2788,480,2
31484,1,-82,-2287,1504,-3417,223,485
31506,1,-186,-2515,1448,-3764,679,1043
31528,1,30,-1987,1040,-4767,1172,1528
31550,1,82,-1819,1004,-4388,2189,1962
31572,1,190,-1959,504,-4245,2470,1579
31594,1,-30,-2019,1076,-4031,2045,487
31617,1,10,-1267,1780,-2760,1087,-760
31638,1,-194,-1247,2012,-660,534,-725
31661,1,-38,-1991,2004,-8,269,-869
31682,1,-62,-2091,1640,-515,267,-1219
31705,1,-30,-1983,1444,-758,347,-1491
31726,1,-30,-2167,1488,-601,1017,-1999
31749,1,122,-2127,1856,-828,1460,-1976
31770,1,26,-2799,1708,-1448,1612,-1949
31793,1,-582,-3063,1560,-3397,1005,-2531
31814,1,-1362,-3747,412,-4680,1722,-2911
31837,1,-1798,-5055,-1240,-6604,4038,-3462
31858,1,-1686,-5791,-2468,-9058,5966,-4259
31881,1,-2082,-7115,-1248,-10508,5780,-5501
31902,1,-2514,-10083,-2756,-12587,1594,-8420
31925,1,-7458,-12875,-8452,-14098,245,-13486
31946,1,-11158,-11671,-10480,-13240,3728,-18973
31968,1,-13606,-15347,-13236,-13695,5114,-23523
31990,1,-16642,-13571,-16036,-13973,8864,-29053
32012,1,-16642,-13471,-18832,-11574,15013,-30912
32034,1,-16642,-14727,-20320,-8978,22740,32245
32056,1,-16642,-16963,-21020,-6535,31461,32245
32078,1,-16642,-18603,-20112,-7060,-31692,32245
32122,1,-16642,-21779,-11792,-7420,-31692,32245
32144,1,-16642,-23079,-8660,-6573,-31692,32245
32166,1,-16642,-20099,-1276,-9997,-31692,32245
32188,1,-16642,-19075,3264,-16993,-31692,32245
32210,1,-16642,-15091,7428,-23798,-31692,32245
32232,1,-11454,-12547,17888,-27166,-31692,32245
32253,1,-6738,-9003,19744,-30818,-31692,32245
32276,1,-4998,-8935,16332,30625,-31692,32245
32297,1,-6570,-6495,13896,29443,-31692,32245
32320,1,-546,2453,18388,-27448,-31692,-32691
32342,1,4114,6873,20364,-13037,-31692,-23461
32364,1,5986,2793,19992,-421,-31692,-17827
32386,1,6110,-1763,19928,1115,-31692,-19824
32408,1,7118,657,21160,-3968,-31692,-21941
32430,1,8734,6893,23304,-7327,-31692,-19609
32452,1,6790,12453,23088,-4368,-31692,-16463
32474,1,4646,16281,25116,1662,-31692,-10764
32496,1,2626,18509,29380,7130,-31692,-4578
32518,1,1754,20293,-32165,11703,-31692,2347
32539,1,558,19905,-32165,14187,-31692,7945
32562,1,1002,18549,-32165,14728,30507,11263
32583,1,902,18677,-32165,13927,24372,16045
32606,1,754,18329,-32165,13580,21797,23410
32627,1,966,16957,-32165,13973,21204,30768
32650,1,2514,13757,-32165,13891,20400,32244
32671,1,4642,12197,-32165,8298,16073,32244
32694,1,6966,13897,-32165,-971,4126,32244
32715,1,6430,17937,-32165,-14202,-15963,32244
32738,1,-1998,24981,-32165,-17939,-31691,32244
32759,1,-16642,14197,-32165,-1757,-31691,32244
32782,1,-16642,-1167,-32165,6047,-31691,32244
32803,1,-16642,-9039,13880,-16848,-31691,32244
32826,1,-16642,-17127,-32164,24548,-31691,32244
32847,1,-16642,32429,-32164,24548,-31691,32244
32870,1,-12626,-14531,-32164,24548,-17716,32244
32891,1,18674,22377,-20928,-20294,14037,19834
32913,1,20518,1377,-1864,24547,27011,-13676
32935,1,22410,4729,-10724,24547,5920,-26122
32979,1,11918,-12015,-19716,3054,-14601,-10520
33024,1,10098,1825,-10920,-16528,-799,-21764
33045,1,12714,5489,-5680,-14492,1715,-18220
33068,1,14730,5505,-3012,-10857,-632,-12709
33089,1,16350,5153,-2424,-8627,-5136,-9361
33112,1,19074,5981,-1416,-5217,-9357,-6594
33133,1,21398,7869,-1468,569,-13086,-2954
33156,1,23458,9105,-1576,6776,-17276,2638
33177,1,24346,10085,-356,14401,-20779,9885
33200,1,23870,9909,2728,24547,-22657,17535
33221,1,18206,8509,3320,24547,-24766,25770
33243,1,12578,3969,816,24547,-26885,32244
33265,1,8054,-2559,2796,24547,-26956,32244
33287,1,94,-13387,7612,24547,-23970,32244
33309,1,-9682,-26967,-44,24547,-12611,32244
33331,1,-12930,-28887,1556,24547,-2195,32244
33353,1,-4098,-27851,1448,22352,-7954,32244
33375,1,-8898,-25715,2528,24547,-10227,32244
33397,1,-14890,-31091,-1620,23981,2309,32244
33419,1,-10506,-31079,1464,5691,4131,32244
33441,1,-8946,-25019,1368,-4691,-5536,32244
33463,1,-11218,-18155,-728,-2224,-11835,32244
33485,1,-16642,-16055,-2292,5305,-10858,32244
33507,1,-16642,-17347,-2460,10798,-7454,30644
33529,1,-13494,-17999,-2424,13592,-7051,26318
33551,1,-11558,-17803,-2932,14930,-7437,22101
33573,1,-9898,-17759,-2844,15856,-4351,16494
33595,1,-6830,-17347,-1404,15733,-816,10086
33617,1,-3994,-15743,364,14837,709,3800
33683,1,-758,-7599,1440,12344,-587,-4662
33705,1,-118,-6307,1512,9168,-243,-4598
33727,1,286,-5479,1788,5090,-171,-3829
33750,1,234,-4759,1952,425,-291,-2886
33771,1,94,-3787,1976,-3366,-644,-2141
33794,1,-70,-2651,2100,-5142,-731,-1600
33815,1,-258,-1923,2240,-4846,-507,-1649
33838,1,-714,-1671,2340,-3669,203,-2177
33859,1,-598,-1415,2388,-2644,369,-2494
33882,1,-550,-915,2440,-1789,-60,-2447
33903,1,-514,-1047,2232,-1416,-437,-2104
33926,1,54,-1075,1796,-1637,-800,-1773
33947,1,-122,-1043,1560,-1791,-509,-1201
33969,1,162,-1499,1512,-2240,144,-661
33991,1,466,-1799,1936,-2884,424,-410
34013,1,410,-2191,1924,-3481,282,-672
34035,1,170,-1679,1904,-3149,516,-1103
34057,1,26,-975,2164,-1913,952,-1117
34079,1,-150,-1159,2428,-652,1120,-611
34101,1,-550,-1763,2268,-238,1113,-455
34123,1,-490,-2123,2364,-48,1178,-689
34145,1,-346,-2139,2628,304,1434,-874
34167,1,-162,-2239,2480,702,1193,-906
34189,1,-134,-2011,1292,516,1211,-813
34211,1,-50,-1819,1192,721,1486,-478
34233,1,-78,-2191,1524,810,2042,-398
34255,1,-74,-2427,1792,791,2242,-328
34277,1,-74,-2803,1928,569,2078,-216
34299,1,-282,-3115,1680,110,2309,-715
34321,1,-602,-2951,1752,123,2453,-1001
34343,1,-518,-2939,1728,354,2469,-900
34365,1,-570,-3651,1376,661,2519,-1161
34387,1,-1058,-3851,568,233,3456,-2370
34409,1,-1130,-4119,292,311,3968,-3242
34432,1,-1338,-4535,-540,763,4436,-4375
34453,1,-2046,-6751,-1692,1919,6028,-6474
34476,1,-5302,-11271,-7292,2290,12246,-12653
34497,1,-9486,-11351,-11852,1558,23635,-21146
34520,1,-9478,-10783,-9284,3054,31943,-27808
34541,1,-6618,-9551,-8880,10191,31862,-31937
34564,1,-6526,-12031,-9412,18379,29067,-32224
34585,1,-3986,-19895,-14932,19611,25235,32245
34608,1,-6806,-21227,-19624,12127,25656,32245
34629,1,-6702,-20415,-21028,6238,29060,32245
34652,1,-3782,-16807,-18780,7785,31931,32245
34673,1,-2230,-16207,-19360,12396,-31692,32245
34695,1,-1654,-20607,-18256,13011,-31692,32245
34717,1,-2050,-20663,-15112,10577,-31692,32245
34739,1,-174,-18703,-10072,9033,-31692,32245
34761,1,-350,-18143,-7692,8533,-31692,32245
34783,1,1214,-17891,-4528,7791,-31692,32245
34805,1,3106,-13451,-1084,4527,-31692,32245
34827,1,3958,-11379,832,2219,-31692,32245
34849,1,4638,-12963,2172,-376,-31692,32245
34871,1,6214,-12647,5008,-8247,-31692,32245
34893,1,6546,-6515,8676,-11893,-31692,32245
34937,1,9394,-307,13300,-3655,-31692,32245
34959,1,10258,5,15252,2053,-32313,-32521
34981,1,12358,213,18520,1636,30069,-29846
35003,1,12766,2513,20608,-1063,26351,-28376
35025,1,13194,5249,21292,-2363,23322,-25252
35047,1,14850,9301,22436,-1225,20969,-20119
35069,1,15290,9321,22824,2758,19312,-14875
35091,1,15934,8033,23312,3915,17510,-11113
35112,1,16106,8229,23436,4106,16101,-8223
35135,1,16122,7993,24152,5749,15674,-5929
35156,1,15854,9241,25016,8060,15307,-2747
35179,1,15174,9197,25204,12901,16076,-411
35201,1,15014,8893,26896,15230,17058,2183
35223,1,14258,11557,28920,16800,17565,5475
35245,1,12894,13461,29700,23535,18906,11281
35267,1,13294,8425,32572,24547,22105,13806
35289,1,13690,7237,-32165,22626,23008,12811
35311,1,13370,11621,-32352,14735,22574,13767
35333,1,11690,15925,-32165,7567,21570,19087
35355,1,6982,19501,-32165,1885,17991,27384
35377,1,4278,28565,-32165,-281,6347,32244
35399,1,1342,29345,-32165,-880,-17623,32244
35421,1,-9810,20817,-32165,-5263,-31691,32244
35443,1,-16642,2885,-32165,-598,-31691,32244
35465,1,-16642,-4907,-32165,-8761,-31691,32244
35487,1,-16642,-3899,21004,-29568,-31691,32244
35509,1,-16642,-47,-17940,32119,-31691,32244
35530,1,-16642,-11623,-32164,24548,-31691,32244
35553,1,-16642,-12055,-32164,24548,-23342,32244
35574,1,1118,1065,-32164,-25788,13783,22196
35597,1,20238,-367,-5916,24547,30298,4585
35618,1,22898,-7651,-2740,24547,10734,-24106
35641,1,19274,-8623,-14916,24547,-3464,-27572
35662,1,13002,-9403,-12676,13525,-14537,-18066
35685,1,7418,-2959,-11932,-2067,-12384,-12752
35706,1,9102,441,-8252,-6958,-5607,-15871
35729,1,13138,2781,-3740,-3798,-2984,-14864
35750,1,14438,2229,-1416,-602,-6128,-9438
35773,1,15270,1741,-1280,-962,-11127,-3347
35794,1,16502,2013,-2296,-3007,-19470,3339
35817,1,16230,1557,-1996,-4215,-27678,10559
35838,1,14338,1809,-3748,-2622,-29562,14661
35861,1,13166,3493,-5488,2035,-30168,18173
35883,1,9230,3625,-6644,9103,-31691,24929
35905,1,3398,29,-8612,17524,-31690,31235
35927,1,-366,-6387,-7492,24547,-27710,32244
35949,1,-5526,-13559,-6596,24547,-25638,32244
35971,1,-10738,-20775,-9252,24547,-20662,32244
35993,1,-13134,-22399,-7900,17009,-16289,32244
36015,1,-10486,-23035,-6808,14365,-16992,32244
36036,1,-11198,-22407,-6712,15031,-20084,32244
36059,1,-12630,-21427,-7808,16043,-19841,32244
36080,1,-11826,-20851,-7420,17479,-16586,29085
36103,1,-9590,-19799,-6152,18145,-11440,24383
36124,1,-7498,-17487,-4128,17200,-7532,21091
36147,1,-6602,-14363,-2564,15750,-6482,19085
36168,1,-6362,-11991,-2428,14725,-8257,17951
36191,1,-7222,-10471,-2036,14899,-8576,17920
36212,1,-7998,-10827,-1412,15200,-5476,16284
36235,1,-7842,-11411,-396,13732,-807,13409
36256,1,-5746,-11507,1224,11217,1581,10755
36279,1,-4206,-11431,1796,8097,883,7912
36300,1,-3094,-10803,2188,5270,-526,4690
36323,1,-2182,-9551,1392,2738,-2120,1288
36344,1,-1478,-6687,424,1570,-3146,-1420
36367,1,-1522,-4027,-512,2397,-2522,-3194
36388,1,-1118,-2747,-668,4205,-960,-4403
36411,1,-562,-2623,-76,5102,277,-4653
36432,1,-394,-2851,264,4318,1058,-4609
36455,1,-562,-2507,444,2380,1869,-4550
36476,1,-858,-1971,680,136,2725,-4477
36499,1,-710,-1715,948,-2041,3370,-4026
36520,1,-322,-1311,1280,-3624,3606,-3606
36543,1,-426,-779,1376,-4163,3678,-3435
36564,1,-330,-499,1640,-3748,3577,-3420
36587,1,262,-435,1744,-3020,2876,-3588
36609,1,450,-11,1744,-2131,1702,-3759
36631,1,382,685,1556,-847,976,-3510
36675,1,278,-347,1464,368,1006,-1275
36719,1,162,-1347,1608,-1221,277,-1430
36741,1,-174,-1211,1448,-1280,360,-1292
36763,1,-210,-1475,1264,-1242,674,-983
36785,1,98,-1339,1352,-1519,764,-806
36807,1,34,-1295,1368,-1709,723,-461
36829,1,-98,-1427,1228,-1753,665,-52
36851,1,46,-1855,1352,-1854,451,119
36873,1,-302,-1835,1180,-1851,401,175
36895,1,-102,-2171,1080,-1826,488,410
36917,1,-134,-2415,1044,-1914,591,347
36939,1,-186,-2523,1220,-2101,690,139
36961,1,-98,-2319,1028,-2179,714,-177
36983,1,-250,-2035,956,-1950,735,-293
37005,1,-118,-2007,1056,-1614,845,-243
37027,1,-214,-2111,1012,-1424,978,-411
37049,1,2,-1971,1196,-1297,1042,-515
37071,1,-10,-1819,1220,-1320,780,-522
37093,1,-346,-1751,1136,-1381,848,-560
37115,1,-58,-1663,1300,-1455,1163,-538
37137,1,34,-1659,1276,-1607,946,-487
37159,1,-118,-1599,1196,-1576,828,-380
37181,1,-38,-1835,1248,-1500,761,-596
37203,1,22,-1615,1252,-1234,761,-696
37225,1,-102,-1563,1152,-950,794,-703
37248,1,-106,-1391,1132,-732,796,-751
37269,1,-50,-1515,1264,-546,883,-657
37292,1,170,-1667,1252,-620,736,-651
37313,1,-34,-1559,1096,-799,582,-697
37336,1,-242,-1439,912,-715,590,-585
37357,1,-66,-1407,868,-616,694,-612
37380,1,-262,-1375,788,-333,874,-539
37401,1,-114,-1495,900,-27,989,-606
37424,1,74,-1407,1060,377,823,-757
37445,1,62,-1471,1236,712,709,-659
37468,1,-162,-1671,1076,826,805,-509
37489,1,-202,-1863,1028,572,1003,-421
37512,1,-246,-2059,1184,140,1028,-520
37533,1,-398,-2191,904,-91,865,-685
37556,1,-458,-2339,760,-93,717,-981
37577,1,-914,-3247,512,-438,301,-1026
37600,1,-1306,-5155,376,-1958,-664,-1129
37621,1,-2718,-7787,-896,-4668,-1918,-2751
37665,1,-7514,-8479,-6336,-6164,2896,-13008
37688,1,-11214,-11163,-10924,-791,8140,-18387
37709,1,-13894,-12027,-13396,4008,14793,-26377
37732,1,-16222,-14235,-14072,8983,19415,32245
37753,1,-16498,-18199,-16760,12085,22214,32245
37775,1,-16642,-20111,-20432,9556,27672,32245
37797,1,-16642,-19687,-19496,5554,-31692,32245
37819,1,-16642,-21099,-16708,2790,-31692,32245
37841,1,-16630,-20359,-13488,1883,-31692,32245
37863,1,-15958,-20815,-11832,974,-31692,32245
37885,1,-13938,-17079,-9344,2272,-31692,32245
37907,1,-9254,-18899,-3740,3921,-31692,32245
37929,1,-8018,-18451,-800,-1162,-31692,32245
37951,1,-8186,-18759,384,-11060,-31692,32245
37974,1,-5462,-13471,5408,-18361,-31692,32245
37995,1,-1526,-6319,7660,-13701,-31692,32245
38018,1,-906,-6575,7916,-10800,-31692,32245
38039,1,-786,-6355,9724,-15144,-31692,32245
38062,1,18,-1795,12596,-22407,-31692,32245
38083,1,4274,3609,17100,-21472,-31692,32245
38106,1,5014,6605,17132,-13145,-31692,-32077
38127,1,6250,7393,18092,-3986,-31692,-26902
38150,1,8114,9317,22232,1501,-31692,-20733
38171,1,12630,11833,25924,5062,-31737,-13018
38194,1,11958,11981,27208,12982,30613,-6815
38215,1,9162,10381,28632,19427,31066,-6812
38238,1,9598,11197,-32165,19584,30110,-9483
38259,1,12354,16105,-32165,16701,23686,-8427
38282,1,12302,19677,-32432,19157,17989,-5818
38303,1,13610,19753,29100,20200,16553,-1302
38326,1,13658,19633,25508,15635,18098,3538
38347,1,14550,22169,27700,12726,19436,9401
38370,1,13642,22705,31648,13020,19167,17640
38391,1,9818,22349,-32165,11456,18520,23307
38414,1,8034,25157,-32165,4142,11083,30056
38435,1,8606,32428,-32165,-3925,-12415,32244
38457,1,906,32428,-32165,-2064,-31691,32244
38479,1,-16642,17297,-32165,2020,-31691,32244
38501,1,-16642,-3323,-32165,-3801,-31691,32244
38523,1,-16642,-3199,20932,-32465,-31691,32244
38567,1,-16642,209,-30584,-30300,-31691,32244
38589,1,-16642,-5315,-32164,24548,-31691,32244
38611,1,-13378,-7559,-32164,26282,-15049,32244
38633,1,8490,-5063,-32164,3174,15908,14497
38656,1,16074,-9243,-11784,24547,14177,-17527
38677,1,12054,-3307,-14628,24547,-1143,-28010
38700,1,9962,-4391,-16492,19566,-10205,-21068
38721,1,5366,-5995,-18276,3048,-5723,-17895
38744,1,5458,-1019,-14912,-8018,4004,-21376
38765,1,9170,2997,-7348,-10730,10212,-21621
38788,1,10762,4641,-3964,-9416,11492,-17987
38809,1,11782,3993,-2092,-8212,10501,-13330
38832,1,16594,4269,548,-7714,5354,-10488
38853,1,20294,5885,1296,-4823,-4353,-7921
38876,1,20710,8005,-520,-961,-14562,-2975
38897,1,22238,8725,-1268,4409,-21399,5037
38920,1,21750,7377,-824,10167,-26012,12470
38941,1,15898,6357,-3816,14822,-29487,17733
38964,1,10906,4769,-7120,19318,-30379,23642
38985,1,6854,2585,-6048,24547,-30298,30537
39008,1,2114,-2347,-2860,24547,-29930,32244
39029,1,-5478,-15531,-4216,24547,-28161,32244
39052,1,-11842,-19411,-7000,24547,-21473,32244
39073,1,-11350,-23991,-5048,24547,-13919,32244
39096,1,-8042,-20627,-1864,24547,-11610,32244
39117,1,-10906,-17063,2600,24547,-13823,32244
39139,1,-15666,-21323,3456,24547,-14492,32244
39161,1,-16642,-25443,2620,24547,-11814,32244
39184,1,-15166,-26079,1400,24547,-8235,32244
39205,1,-14222,-21419,1240,20225,-6106,29120
39227,1,-13470,-17519,2004,14432,-3132,25862
39249,1,-11910,-15243,3204,13073,-465,23458
39271,1,-9594,-14787,3872,12817,-206,20984
39293,1,-7862,-15215,3900,11709,-2347,17695
39315,1,-6210,-15159,3512,10193,-4439,12716
39337,1,-5058,-13939,2768,9075,-4871,7365
39359,1,-4158,-11663,2176,7986,-3741,2571
39382,1,-2570,-8635,1780,7032,-2390,-1055
39403,1,-1550,-6019,1800,6193,-1796,-3244
39426,1,-626,-4431,2048,5226,-1331,-3427
39470,1,214,-3959,2104,-316,-788,-1819
39491,1,-394,-3235,1376,-4104,-534,-659
39514,1,-822,-2659,1460,-7022,-96,127
39535,1,-1210,-2239,1744,-8702,873,-65
39558,1,-1898,-3035,1656,-12148,3453,-342
39579,1,-1042,-3295,2016,-18635,4866,664
39602,1,-294,-983,2528,-22732,3794,649
39623,1,-106,2069,2860,-20007,3102,607
39646,1,226,3365,3160,-11880,2673,313
39667,1,310,2661,2848,-4527,1892,-575
39690,1,334,1249,2812,-555,770,-686
39711,1,406,781,3016,910,-342,-1030
39734,1,122,733,2704,1323,-1054,-1013
39755,1,-310,421,2300,853,-1075,-582
39778,1,-190,-23,2384,-174,-423,-475
39799,1,-166,-75,2480,-1352,-136,-497
39822,1,-158,141,2612,-2299,-159,-283
39843,1,-202,289,2408,-2583,-112,-99
39866,1,-118,317,2216,-2045,298,-7
39887,1,-50,57,2520,-1418,646,-84
39910,1,-34,-467,2660,-1335,659,-463
39931,1,-62,-43,2948,-1266,501,-863
39953,1,58,261,2696,-959,257,-531
39975,1,-314,-15,2580,-928,571,-107
39998,1,-518,-487,2728,-1406,1122,-23
40019,1,-426,-803,3188,-1994,1180,-199
40041,1,-198,-767,3424,-2396,736,-429
40064,1,-406,-259,2964,-2415,551,-600
40085,1,-286,137,2860,-2192,637,-488
40108,1,-242,-67,2824,-2077,617,-266
40129,1,-306,-183,2844,-2042,688,-159
40152,1,26,-491,2852,-2246,701,-457
40173,1,-106,-227,2632,-2313,489,-629
40196,1,-438,-175,2612,-2256,673,-674
40217,1,-338,21,2780,-2197,847,-750
40240,1,-422,29,2676,-2109,947,-700
40261,1,-162,-291,2864,-2264,886,-692
40284,1,-182,-147,2524,-2326,718,-905
40328,1,-50,53,2564,-1850,855,-964
40349,1,-230,145,2596,-1471,1043,-1053
40372,1,46,117,2812,-1302,1206,-964
40393,1,82,-279,3112,-1474,862,-918
40416,1,-298,117,2964,-1677,697,-847
40437,1,-318,17,2984,-1766,678,-670
40481,1,-446,85,2756,-1666,793,-578
40504,1,82,173,2672,-1635,773,-693
40525,1,66,313,2648,-1632,663,-691
40548,1,-34,181,2660,-1465,510,-655
40569,1,-262,373,2624,-1219,581,-692
40592,1,-410,301,2604,-941,645,-600
40613,1,-142,149,2744,-863,482,-615
40636,1,-330,-119,2492,-919,543,-474
40657,1,-190,41,2472,-1149,807,-494
40680,1,-126,101,2544,-1197,1000,-370
40701,1,-242,49,2776,-1259,880,-348
40724,1,-234,-211,2452,-1200,774,-352
40745,1,162,-383,2508,-986,844,-469
40768,1,-450,-167,2564,-763,936,-614
40790,1,-386,-395,2800,-801,1026,-597
40812,1,-406,-475,2580,-1014,916,-634
40834,1,-426,-655,2596,-998,916,-857
40856,1,-74,-595,2716,-841,976,-1107
40878,1,182,-55,2608,-820,793,-1298
40900,1,-186,-55,2452,-761,832,-896
40922,1,-294,-259,2540,-941,943,-628
40944,1,-66,-327,2716,-1102,862,-659
40966,1,-94,-283,2584,-943,650,-744
40988,1,-278,-307,2728,-683,656,-770
41010,1,-110,-467,2608,-758,815,-761
41032,1,-174,-535,2668,-939,807,-790
41054,1,-222,-419,2712,-976,771,-744
41076,1,-154,-435,2620,-903,834,-807
41098,1,-166,-491,2704,-934,713,-944
41120,1,-102,-471,2696,-1016,617,-889
41142,1,-122,-403,2612,-1149,557,-783
41164,1,-74,-427,2604,-1189,533,-785
41186,1,-218,-411,2512,-1164,599,-719
41208,1,-306,-439,2640,-1206,656,-698
41230,1,-366,-399,2496,-1327,632,-782
41252,1,-354,-327,2592,-1194,679,-833
41274,1,-182,-375,2764,-1083,580,-837
41296,1,-346,-267,2484,-1122,519,-701
41318,1,-86,-315,2360,-1244,594,-612
41340,1,-286,-47,2400,-1262,642,-664
41362,1,-318,-179,2512,-1112,931,-597
41384,1,-110,-35,2596,-995,801,-543
41406,1,-154,-235,2536,-951,645,-312
41428,1,-226,-727,2492,-994,760,-326
41450,1,-282,-631,2552,-1115,871,-609
41473,1,-206,-379,2608,-1121,807,-733
41494,1,-222,-255,2616,-989,728,-697
41517,1,-130,-395,2788,-930,742,-619
41538,1,-114,-339,2648,-998,710,-595
41561,1,-246,-203,2604,-1008,771,-517
41605,1,-226,-495,2728,-1068,731,-413
41626,1,-178,-539,2676,-1127,687,-537
41649,1,-186,-359,2540,-1043,624,-624
41670,1,-246,-323,2444,-1124,674,-479
41693,1,-286,-435,2396,-1318,735,-453
41714,1,-210,-475,2540,-1241,914,-435
41737,1,-130,-527,2760,-1132,885,-550
41758,1,-78,-311,2788,-1160,718,-619
41781,1,-246,-359,2704,-1174,633,-553
41802,1,-246,-367,2496,-1060,759,-657
41825,1,-142,-439,2536,-973,825,-608
41846,1,-286,-443,2764,-1158,713,-664
41868,1,-266,-423,2624,-1222,694,-614
41890,1,-102,-359,2560,-1121,788,-552
41912,1,94,-395,2436,-1078,647,-496
41934,1,-366,-307,2484,-1165,758,-591
41956,1,-202,-443,2656,-1108,882,-601
41978,1,-106,-407,2676,-1109,584,-499
42000,1,-338,-411,2476,-1102,637,-421
42022,1,-254,-607,2392,-1090,876,-490
42044,1,-166,-439,2512,-970,855,-660
42066,1,-198,-619,2464,-1033,844,-716
